0.0209326;0.0323704;-0.0324596;0.0323121;-0.050262;0.0501703;0.0503317;0.0779383;-0.04187;-0.0648091;0.0427458;-0.0643269;0.0646819;-0.10069;-0.0652116;0.0415683;-0.100129;-0.0649863;-0.0280973;0.0685012;0.0999947;0.0576294;0.0833617;-0.0565703;-0.0867157;0.0366454;-0.129819;-0.0834606;-0.0563906;-0.0569221;0.129827;0.0828894;0.086589;-0.129736;-0.0730319;0.0358619;-0.0718878;-0.110534;-0.0608655;-0.0668785;0.0603269;-0.0884907;-0.111083;-0.112527;0.167942;-0.0725259;0.0726539;0.11224;0.0629101;-0.112242
0.0209055;0.0161961;-0.0324272;0.032393;-0.0251203;0.0251731;0.0502763;0.0388837;0.0209745;0.0324658;0.0413861;0.0329729;0.0324254;0.0502507;-0.0648561;0.0414803;-0.0504177;-0.0325973;0.043291;0.0602957;0.0505642;-0.0558381;-0.0415057;0.0562975;0.0871835;0.0358354;0.0648079;0.0421335;-0.0279227;-0.0558317;-0.0646742;0.0840603;0.0433637;-0.0648518;0.0732747;0.0370327;0.0355847;0.113114;-0.023023;0.0747646;0.0521116;-0.0426318;0.0569943;0.11244;-0.0839666;-0.072681;-0.0359887;0.0562385;-0.0627834;0.0560875
0.020891;-0.0161347;-0.0324069;0.0324254;0.0251176;-0.0250552;0.0501853;-0.039;0.0210081;0.0324452;0.0413605;0.0329472;-0.0324797;0.0505475;-0.0650263;0.0414573;0.0500198;0.0322974;-0.0287601;0.0684202;-0.0505675;0.0556469;-0.0423163;-0.0561697;-0.0868469;0.0366247;0.0649652;0.04191;0.0280155;-0.0556075;-0.0647323;0.0839763;-0.0436793;0.0646085;-0.0729639;0.0356822;0.0368172;-0.112826;0.0231533;-0.0700568;0.0601504;0.0443488;0.0546323;-0.112529;-0.0838546;-0.0724683;-0.0361564;-0.0562165;0.0626408;0.0562443
0.0209492;-0.0324284;-0.0323848;0.0324751;0.0502339;-0.0502048;0.0501868;-0.0778406;-0.041846;-0.0649921;0.0426497;-0.0642292;-0.0649399;-0.0997858;-0.0653047;0.0416;0.100814;0.0647464;0.0425505;0.0608042;-0.100167;-0.0563467;0.0840717;0.0561102;0.0872867;0.0359204;-0.129508;-0.0838357;0.0561581;-0.0568851;0.12975;0.0832525;-0.0871916;0.129844;0.0724843;0.03694;-0.0729049;0.110924;0.0614017;0.0732523;0.0516074;0.0853953;-0.112013;0.112487;0.167865;-0.0725029;0.0728744;-0.112264;-0.0626659;-0.112373
0.0209025;0.0323699;-0.0324648;0.0161636;-0.0502424;0.0251487;0.0252006;0.0389521;-0.041874;-0.0648462;0.0423202;-0.0318823;0.0647784;-0.050319;-0.032399;-0.0210781;-0.0499617;0.0325195;-0.0396853;-0.0280713;-0.0505713;0.0563416;0.0833142;-0.0281647;-0.043214;0.0363738;-0.0649327;0.0419381;-0.0561228;-0.0276932;-0.065265;-0.0415267;0.0437649;0.0649492;-0.0726667;-0.0356167;-0.0723346;-0.0579649;0.0555886;0.032131;-0.057709;0.0861336;-0.0573182;0.0565882;-0.0835047;0.0361874;-0.0725549;-0.0560594;0.0625295;0.112353
0.0209189;0.0162119;-0.0324228;0.0162091;-0.0250969;0.012545;0.025136;0.019452;0.020989;0.0324138;0.0416276;0.0167246;0.0324413;0.0250095;-0.0322432;-0.0210915;-0.0251921;0.0162996;0.0321633;-0.0361631;-0.0247744;-0.0566447;-0.0415006;0.028197;0.0436206;0.0361454;0.0323646;-0.0209105;-0.0282468;-0.0284164;0.0320191;-0.0419518;0.0217666;0.0324974;0.0723765;-0.0368274;0.036158;0.0552619;0.0283306;-0.0395686;-0.0542868;0.043809;0.0273912;-0.056515;0.0417416;0.0364485;0.0360968;-0.0281061;-0.0626863;-0.0562366
0.0209334;-0.0161646;-0.0324004;0.0162291;0.0251124;-0.0124798;0.0250789;-0.0195681;0.0210358;0.0324199;0.0416007;0.0167661;-0.0324357;0.0253055;-0.032325;-0.0211793;0.0249885;-0.0161639;-0.03935;-0.0283274;0.024868;0.0560953;-0.0422032;-0.0280735;-0.0433166;0.036432;0.0323298;-0.0210488;0.0279313;-0.0282646;0.0319896;-0.0421331;-0.0215154;-0.0325137;-0.0724049;-0.0356576;0.0364209;-0.0554988;-0.0286145;0.034152;-0.0577628;-0.0431396;0.029128;0.056545;0.0416806;0.0362876;0.0361982;0.0280658;0.062853;-0.0560927
0.0209542;-0.0324197;-0.0324212;0.0162579;0.0502264;-0.0250666;0.0250867;-0.0388817;-0.0418427;-0.0648842;0.0422638;-0.0318408;-0.0649034;-0.0498628;-0.0324765;-0.0210012;0.0503911;-0.0323498;0.0324991;-0.0361678;0.0504954;-0.0553043;0.0840812;0.0278674;0.0437273;0.0360162;-0.0649119;0.0417259;0.05619;-0.0278327;-0.0653045;-0.0414958;-0.0436132;-0.0646695;0.0721281;-0.036785;-0.0727966;0.0572828;-0.0556415;-0.0368489;-0.0545236;-0.0878582;-0.0555633;-0.0564187;-0.0834313;0.0361285;-0.0727554;0.0561681;-0.0628468;0.1122
0.020854;0.0324534;-0.0324062;-0.0161899;-0.0502174;-0.025103;-0.0251262;-0.0389203;-0.0417804;-0.0647941;0.0415238;0.0330769;0.0649161;0.0502714;0.0326095;-0.020751;0.050116;0.0324884;-0.0396995;-0.028271;-0.0503946;0.056255;0.0834007;0.0281499;0.0437202;0.0358964;0.064835;0.0420425;-0.056023;0.028592;-0.0649363;-0.0415753;-0.0435002;0.0648029;-0.0721692;0.0369458;-0.0728217;0.0572513;-0.0535451;0.0396924;0.0539345;-0.0861226;0.0575371;0.0564491;-0.0838645;0.0362359;0.0725474;-0.0561873;0.0630209;-0.112186
0.02093;0.0162364;-0.0324119;-0.0161739;-0.0251189;-0.0125923;-0.0251307;-0.0194747;0.0209671;0.0323575;0.0420627;-0.0156678;0.0324022;-0.0252367;0.0324364;-0.020712;0.0251526;0.0162711;0.0320802;-0.0361398;-0.024852;-0.0566385;-0.041596;-0.0280739;-0.0433091;0.0365618;-0.0325551;-0.0209077;-0.0280149;0.0279953;0.0323315;-0.0418963;-0.0220616;0.0324402;0.072366;0.0357764;0.0365435;-0.0549177;-0.0304685;-0.0323787;0.058091;-0.0438722;-0.0278577;-0.0564635;0.041976;0.0361434;-0.0363323;-0.0280956;-0.0628815;0.0561245
0.0209352;-0.016228;-0.0324379;-0.0162488;0.0251231;0.012537;-0.0250751;0.019416;0.0209818;0.0324021;0.0420242;-0.0156722;-0.0324916;-0.0252334;0.0324246;-0.0208438;-0.0250555;-0.0161076;-0.0393036;-0.0282463;0.0248443;0.0561612;-0.0420765;0.0281595;0.0437383;0.0358923;-0.0324244;-0.0210028;0.0281931;0.0279267;0.0323584;-0.0421173;0.0217858;-0.0324797;-0.0722582;0.0367049;0.0359272;0.0557989;0.0307133;0.0380402;0.0541574;0.0431451;-0.0279892;0.0564667;0.0419678;0.0361524;-0.0361887;0.0280582;0.0627495;0.0562282
0.0209638;-0.0324417;-0.0324504;-0.0162847;0.0502362;0.0251048;-0.0250676;0.0389173;-0.0418263;-0.0647394;0.0414872;0.033035;-0.0646979;0.050089;0.0326202;-0.0207467;-0.0503257;-0.0323347;0.0324411;-0.0363158;0.0505271;-0.0553744;0.0841139;-0.0282236;-0.0433562;0.0365394;0.064774;0.0416524;0.0562652;0.028495;-0.0649187;-0.0415027;0.0433887;-0.0647367;0.0727718;0.0354033;-0.072258;-0.057947;0.0536232;-0.0354565;0.0582263;0.0878297;0.0538962;-0.0566107;-0.0838648;0.0364265;0.0723905;0.0561241;-0.0627576;-0.112392
0.0208527;0.0324924;-0.0323996;-0.0323955;-0.0502332;-0.0502539;-0.0503439;-0.077862;-0.041739;-0.0647577;0.0411609;0.0655345;0.064955;0.10051;0.0647944;0.0422865;0.10019;-0.0649106;-0.0281146;0.0680464;0.100306;0.0574776;0.0833679;0.0560671;0.087079;0.0358732;0.129584;-0.0836186;-0.0566169;0.0553076;0.13042;0.0828811;-0.0867601;-0.129962;-0.0728536;-0.0371051;-0.0727817;0.109918;0.0570618;-0.0766242;-0.0527608;0.0886338;0.111979;-0.112539;0.166938;-0.0724682;-0.0724642;0.112493;0.0625306;0.112333
0.0209171;0.0162706;-0.0324031;-0.0323636;-0.0251135;-0.0251661;-0.0502723;-0.0389128;0.0209917;0.0323085;0.0423083;-0.0319166;0.0323432;-0.0503262;0.0644714;0.0422772;0.0503646;-0.0325671;0.0431947;0.0604048;0.0504266;-0.0558838;-0.0417843;-0.0562829;-0.0867037;0.0367312;-0.0649425;0.0419691;-0.0277586;0.0566087;-0.0641032;0.0840399;-0.0432372;-0.0647127;0.0726843;-0.0356906;0.0366202;-0.112767;0.0271285;0.0688377;-0.0596975;0.0425589;-0.0570719;0.112647;-0.0835987;-0.0724257;0.0364014;0.0560366;-0.0626781;-0.0563012
0.0209713;-0.0162235;-0.032451;-0.0324336;0.0251096;0.0250475;-0.0501791;0.0389012;0.0209505;0.0324404;0.0422398;-0.0319588;-0.0325313;-0.0505109;0.0644918;0.0421695;-0.0500619;0.0322659;-0.028677;0.068568;-0.0505851;0.0557081;-0.0420367;0.0563114;0.0872033;0.0356698;-0.064528;0.0419375;0.0281645;0.056361;-0.0640467;0.0839399;0.0435935;0.0646667;-0.0733688;-0.0369492;0.0359276;0.1132;-0.0271428;-0.0732791;-0.0526114;-0.0442372;-0.0558595;-0.112594;-0.0834477;-0.0723493;0.0362522;-0.0560848;0.0628982;-0.0560764
0.0209434;-0.0324187;-0.0325091;-0.032552;0.0502863;0.0501568;-0.050203;0.0778313;-0.041851;-0.0647186;0.0410626;0.0653146;-0.0645794;0.100023;0.0648651;0.0421839;-0.100642;0.0646806;0.0423461;0.0604524;-0.100126;-0.0565361;0.0839891;-0.0560727;-0.0869712;0.0370153;0.13006;-0.0840266;0.0558287;0.0553245;0.130396;0.083301;0.0872127;0.129717;0.0729295;-0.0356646;-0.0718965;-0.111581;-0.0575035;0.0701002;-0.0592659;-0.0855716;0.114094;0.112303;0.166857;-0.0727342;-0.07235;-0.112365;-0.0629198;0.112241
0.0209348;0.0324036;-0.0162206;0.0323732;-0.0251105;0.0501941;0.0251151;0.0388902;-0.0419456;-0.0324507;-0.0200862;-0.0650709;-0.0325049;-0.0501013;0.0319971;0.0419105;0.050402;-0.0649474;-0.0322982;0.0360158;0.0501439;0.028263;-0.042066;-0.0561678;-0.0436007;-0.0359508;0.0650908;-0.0838632;0.056009;0.0558906;0.0649194;-0.0420491;-0.0870934;0.0647242;0.0361427;0.0352794;0.0723466;0.057809;-0.0567088;-0.0700909;0.0316123;-0.0419143;0.112124;-0.0565477;-0.0842976;0.0727624;0.0723904;-0.112276;-0.0625945;-0.056229
0.0209209;0.0162079;-0.0161999;0.0324013;-0.0125739;0.0251817;0.0251255;0.0194138;0.0209576;0.0162342;-0.0213505;0.0321298;-0.0161343;0.0251512;0.0322908;0.0420997;0.0250284;-0.0325119;0.0397781;0.0281521;0.0251804;-0.0277396;0.0211489;0.0560844;0.0432693;-0.0364985;-0.0322872;0.0416625;0.0283029;0.0564753;-0.032328;-0.0416928;-0.0434609;0.0324485;-0.0359458;0.0371663;-0.0361611;-0.0553135;-0.0273587;0.0743133;0.02419;-0.0224975;-0.0553669;0.0565867;0.0421469;0.0723923;-0.0363963;-0.0561973;0.0627161;0.0281375
0.0209633;-0.0161837;-0.0162117;0.0324465;0.012535;-0.0250417;0.0250803;-0.0195322;0.0209642;0.0161908;-0.0213332;0.0321595;0.016247;0.0248999;0.0322672;0.0420084;-0.0252103;0.032336;-0.0326213;0.0363959;-0.0253042;0.0279599;0.0206973;-0.0562348;-0.0436479;-0.0360981;-0.0323379;0.0418503;-0.0279145;0.0563605;-0.0322749;-0.04172;0.0433814;-0.0323401;0.035997;0.0352202;-0.0363808;0.055545;0.0275718;-0.0716011;0.0317731;0.0209458;-0.0566774;-0.0565456;0.0420789;0.072367;-0.0364103;0.0561913;-0.0627951;0.0279718
0.0209215;-0.0324494;-0.0161721;0.0324987;0.0250932;-0.0501943;0.025148;-0.0389249;-0.0420293;-0.0324706;-0.02002;-0.0650592;0.0323499;-0.0504056;0.0321425;0.0419982;-0.0500065;0.0648003;0.0393948;0.0282014;-0.0500769;-0.0287078;-0.041665;0.0564173;0.043264;-0.0364098;0.064811;-0.0835834;-0.0562675;0.0557646;0.0649114;-0.0421987;0.0871923;-0.0649273;-0.0351995;0.0370826;0.0725564;-0.0576089;0.0565029;0.0710872;0.0247442;0.0450687;0.111672;0.0565797;-0.0841972;0.0727429;0.0723227;0.112278;0.0628113;-0.056086
0.0209196;0.032419;-0.016221;0.0161983;-0.0251366;0.0251297;0.0125853;0.0194615;-0.0419137;-0.0323981;-0.0204571;-0.0326351;-0.0324635;-0.0250144;0.0162199;-0.020953;0.0252237;0.0325;-0.0380268;-0.0120643;-0.0251004;0.0275535;-0.0419827;-0.0279323;-0.021927;-0.0361516;0.0324852;0.0417467;0.0562853;0.028277;-0.0320747;0.0210724;-0.0432838;-0.0324538;0.0362759;-0.036155;0.072404;0.026636;0.0577694;0.0330723;-0.0301013;0.0442893;0.0560056;0.028143;0.0416484;-0.0364046;-0.0724538;0.0561354;-0.0628823;0.0560809
0.0209369;0.0161926;-0.016199;0.0161804;-0.0125643;0.0125869;0.0125369;0.0096869;0.020925;0.0162334;-0.0211573;0.0159478;-0.0161603;0.012548;0.0163255;-0.020784;0.012535;0.0162363;0.0342999;-0.0200791;-0.0124867;-0.0281422;0.0211322;0.0280388;0.0215304;-0.0363331;-0.0161853;-0.0210763;0.0279937;0.0279232;0.016488;0.0208186;-0.0216466;-0.0161752;-0.0364721;-0.0366984;-0.0361065;-0.0289936;0.0263425;-0.0376607;-0.02613;0.0213348;-0.0286588;-0.0281678;-0.0208136;-0.0361941;0.0362892;0.0280437;0.0627776;-0.0279863
0.020936;-0.0162078;-0.0162142;0.0162236;0.012535;-0.0125282;0.012543;-0.00977294;0.0209437;0.0161965;-0.0211424;0.0158999;0.0162486;0.0124393;0.0163664;-0.0208544;-0.0126004;-0.0161516;-0.0379141;-0.012081;0.0124767;0.0282159;0.0207311;-0.028097;-0.021891;-0.0361212;-0.0162298;-0.0208551;-0.0281156;0.0279183;0.0165189;0.0209269;0.0217776;0.0162903;0.0361187;-0.0359322;-0.0363818;0.0286803;-0.0263588;0.0357001;-0.0300839;-0.0221528;-0.027646;0.0281551;-0.0208178;-0.0361709;0.0363405;-0.0280145;-0.0627265;-0.028128
0.0209417;-0.0324192;-0.0162051;0.0162417;0.0251108;-0.0251365;0.012595;-0.0194663;-0.0419188;-0.0324255;-0.0204481;-0.0326552;0.0324197;-0.0252271;0.0162727;-0.0208237;-0.0250005;-0.0324173;0.0344991;-0.0202546;0.0252551;-0.0281252;-0.0416542;0.0281482;0.0214997;-0.0363431;0.032362;0.0420138;-0.0561073;0.0282022;-0.0320954;0.0210787;0.0435771;0.0322551;-0.0362612;-0.0364797;0.0727046;-0.0264874;-0.0580193;-0.0356338;-0.0258513;-0.0426883;0.0566268;-0.0282421;0.0416437;-0.0363747;-0.0723691;-0.056206;0.0627501;0.0562451
0.0209031;0.0324397;-0.0161967;-0.0161619;-0.0251377;-0.0250821;-0.0125664;-0.0194266;-0.0418924;-0.0323516;-0.0213154;0.0322142;-0.0324113;0.0251387;-0.0160519;-0.0211275;-0.0252279;0.032472;-0.0380275;-0.0119644;-0.0251133;0.027595;-0.0418944;0.0281717;0.021513;-0.0364164;-0.0323171;0.0418169;0.0563572;-0.0278479;-0.0324326;0.0210899;0.0433301;-0.0324217;0.0363369;0.0366171;0.0725303;-0.0260305;-0.055798;0.0389053;0.0262046;-0.0442982;-0.0554518;0.028183;0.0420512;-0.0360903;0.0725552;0.056117;-0.0626764;-0.0562575
0.0209227;0.0162164;-0.0162044;-0.0161896;-0.0125608;-0.0125665;-0.012561;-0.00972232;0.0208736;0.0161508;-0.0207449;-0.016478;-0.0161951;-0.0125498;-0.0161241;-0.0209684;-0.0125235;0.0162464;0.0343052;-0.020114;-0.0125374;-0.0281101;0.0210696;-0.0281024;-0.0219404;-0.0361246;0.0162262;-0.0210026;0.0279729;-0.0281922;0.0161541;0.0208175;0.0216462;-0.0162896;-0.0361218;0.0359598;-0.0363167;0.0287045;-0.0282938;-0.034293;0.0299622;-0.0212815;0.0282052;-0.0282196;-0.0210427;-0.036305;-0.0361478;0.0281223;0.0627957;0.0281332
0.0209404;-0.0162234;-0.016234;-0.0162292;0.012527;0.0125102;-0.0125553;0.00969356;0.0209261;0.0161974;-0.0207443;-0.0165024;0.0161924;-0.0124993;-0.0161064;-0.0210438;0.0125983;-0.0161553;-0.0378575;-0.0121491;0.0125686;0.0282609;0.0208044;0.0280473;0.0215258;-0.0363499;0.0161698;-0.0208117;-0.0281236;-0.0280963;0.0161802;0.020909;-0.0218054;0.0162614;0.0363922;0.0366577;-0.0361599;-0.028975;0.0283315;0.0360269;0.0261397;0.0221053;0.0277763;0.0281989;-0.0210426;-0.0363215;-0.0362267;-0.0281169;-0.0628868;0.0279769
0.0209248;-0.03241;-0.0161949;-0.0162487;0.0251062;0.0251211;-0.0125135;0.0194582;-0.0418794;-0.0323736;-0.0213158;0.0322108;0.0324727;0.0252315;-0.015949;-0.0209632;0.0250006;-0.0323563;0.0344374;-0.0201657;0.0251532;-0.0281112;-0.0417734;-0.0281282;-0.0219033;-0.0361619;-0.0325305;0.0420625;-0.0560115;-0.0277606;-0.0324064;0.020995;-0.0435892;0.0323691;-0.0363711;0.0360038;0.0724367;0.0271293;0.0560302;-0.0360355;0.0296988;0.0427943;-0.0565053;-0.0281074;0.0420313;-0.0361458;0.0725871;-0.0561324;0.0628626;-0.0560686
0.0209028;0.0324362;-0.0161986;-0.0323591;-0.0251259;-0.0502062;-0.0251158;-0.0389001;-0.0419228;-0.0323262;-0.02174;0.0645777;-0.0324259;0.0501036;-0.0325224;0.041614;-0.0504823;-0.0649046;-0.0322557;0.0362408;0.050137;0.0282887;-0.0419104;0.0561563;0.0432433;-0.0364413;-0.064641;-0.0839506;0.0558648;-0.0567821;0.0642994;-0.0419954;0.0868556;0.0649543;0.035551;-0.0371859;0.0728494;-0.0570763;0.0525332;-0.073949;-0.0238249;0.041799;-0.114104;-0.0566595;-0.0832829;0.072381;-0.0726652;-0.112411;-0.0628938;0.0560963
0.0209125;0.0162251;-0.0161951;-0.0323674;-0.0125714;-0.0251578;-0.0251338;-0.0194367;0.0208769;0.0161088;-0.0205711;-0.032753;-0.0162103;-0.0250427;-0.0327046;0.0417333;-0.0250346;-0.0324958;0.0397523;0.02805;0.0250975;-0.0277948;0.0210326;-0.0561744;-0.0436457;-0.0360139;0.032498;0.0417864;0.0280936;-0.0560393;-0.0329419;-0.0417693;0.0437286;0.032493;-0.0358053;-0.0353632;-0.0366008;0.0549183;0.0314218;0.0698532;-0.03188;0.0225802;0.0567723;0.0565984;0.0416764;0.0725372;0.0361125;-0.0560826;0.0627972;-0.0279623
0.0209577;-0.0162209;-0.0162362;-0.0324711;0.012516;0.025072;-0.0250763;0.0194432;0.0209023;0.0162137;-0.0205241;-0.032732;0.0161455;-0.0249646;-0.032663;0.0416812;0.0251882;0.0323083;-0.0325164;0.0362695;-0.0251101;0.0280073;0.0207101;0.0561571;0.0432429;-0.0365107;0.0324548;0.041893;-0.0280843;-0.0559502;-0.0329442;-0.0416515;-0.0436288;-0.0323687;0.0360086;-0.037031;-0.03591;-0.0558821;-0.0316604;-0.0727932;-0.0241037;-0.0209931;0.0559175;-0.0565404;0.0416577;0.0725666;0.0361519;0.0561458;-0.0627844;-0.028138
0.0209269;-0.032415;-0.016209;-0.0324838;0.025079;0.0502165;-0.0250836;0.0389445;-0.0419026;-0.032401;-0.0217217;0.0646292;0.0324175;0.0504025;-0.0323959;0.041784;0.0500491;0.0647551;0.0393086;0.0283856;-0.0502737;-0.0287306;-0.0418831;-0.0561195;-0.0435805;-0.0359979;-0.064965;-0.0835266;-0.056387;-0.056601;0.0642318;-0.0421622;-0.086996;-0.0648133;-0.0362163;-0.03515;0.0720478;0.0582032;-0.0524;0.0734702;-0.0322438;-0.0451118;-0.111246;0.0568485;-0.0832161;0.0724254;-0.072603;0.112347;0.0628184;0.0562235
0.0209172;0.0324032;0.0161663;0.0324197;0.0250825;0.0502748;-0.0251592;-0.0388868;-0.0419154;0.0323948;-0.0200102;-0.0650578;-0.0323442;0.0502585;0.0323947;0.0418933;0.050074;-0.0647475;-0.0401335;-0.0283949;-0.0498593;-0.0288035;-0.0418592;-0.0559622;0.0436628;0.0361581;0.064834;-0.0835871;-0.0564027;-0.0559202;-0.0654172;-0.0413298;0.0868741;0.0648378;0.036023;0.0354962;-0.0726111;0.0576236;-0.0566249;-0.0726095;-0.0241682;0.0419736;-0.113556;0.0557121;-0.0832133;-0.0724037;0.0725946;0.112281;0.0626387;0.056257
0.0209192;0.0162099;0.0162141;0.032372;0.0125515;0.0251609;-0.0251003;-0.0194344;0.0209075;-0.0162563;-0.0213545;0.0321331;-0.0162618;-0.0250798;0.0321779;0.0421212;0.0251913;-0.0323626;0.0321951;-0.0363983;-0.025444;0.0279462;0.0207918;0.0561394;-0.0433985;0.0363795;-0.0325795;0.0419086;-0.0278918;-0.0562349;0.0319135;-0.0420931;0.0435401;0.0324089;-0.0358777;0.0373184;0.0364805;-0.0555581;-0.0277248;0.0712978;-0.0316438;0.0225676;0.0563572;-0.0557123;0.0415817;-0.0724519;-0.0360769;0.0561981;-0.0627017;-0.0281414
0.0209317;-0.0162096;0.0162046;0.0324273;-0.012572;-0.0250694;-0.0250809;0.0195056;0.0209382;-0.0162458;-0.0213411;0.0321623;0.0162005;-0.0252606;0.0321383;0.0419567;-0.0250714;0.0325188;-0.0396265;-0.0279264;0.0254615;-0.0277295;0.021027;-0.0561449;0.0437775;0.03608;-0.0323781;0.0417637;0.0283919;-0.0562453;0.0318583;-0.0421373;-0.0433805;-0.0323697;0.0363251;0.0352646;0.036084;0.0552544;0.0274994;-0.0757416;-0.0243698;-0.0209406;0.0563801;0.0556994;0.041592;-0.0725775;-0.036177;-0.0562751;0.0627791;-0.0279922
0.0209329;-0.0324462;0.0162108;0.0324649;-0.0251395;-0.0502082;-0.0250424;0.0388682;-0.0419561;0.0325479;-0.0199939;-0.0650636;0.0324475;0.0499311;0.0323213;0.0420408;-0.0503857;0.0649172;0.0325869;-0.0363195;0.049864;0.0282432;-0.0419253;0.0560494;-0.0434646;0.0363974;0.0647597;-0.0839227;0.0557911;-0.0557569;-0.0655579;-0.041489;-0.0869881;-0.0648995;-0.0363171;0.0372228;-0.0723295;-0.0576901;0.0568058;0.0698651;-0.0321358;-0.0450432;-0.111532;-0.0556565;-0.0832171;-0.0723741;0.072616;-0.112179;-0.0627891;0.056063
0.0209367;0.0324281;0.0162236;0.0161981;0.0250848;0.02515;-0.0125888;-0.0194609;-0.0418575;0.0324468;-0.0204737;-0.0326613;-0.0323477;0.0251231;0.0164515;-0.0209407;0.0250137;0.0323666;-0.0341826;0.0202574;0.0255199;-0.0280494;-0.0417448;-0.0280063;0.021911;0.0361929;0.0323378;0.0420315;-0.0561597;-0.0283561;0.0323595;0.0207118;0.0433547;-0.0322311;0.0359609;-0.0358208;-0.0727433;0.0264814;0.0580142;0.0368188;0.0260914;-0.0443306;-0.0551303;-0.0279981;0.0421596;0.0360346;-0.0725311;-0.0561367;0.0628598;-0.0560887
0.0209118;0.0161824;0.0162307;0.0162082;0.0125436;0.0125884;-0.0125624;-0.0097023;0.0209168;-0.0162341;-0.0211729;0.0159195;-0.0161976;-0.0125126;0.0163367;-0.0207408;0.0126065;0.0161777;0.0380596;0.0120368;0.0121703;0.0283537;0.0208151;0.0280255;-0.0215687;0.0363136;-0.0162984;-0.0208042;-0.0281491;-0.0280204;-0.0162992;0.0209968;0.0217365;-0.0162906;-0.0361276;-0.036494;0.0364126;-0.0286508;0.0262659;-0.0351675;0.0302133;-0.0214008;0.028089;0.0279679;-0.0210634;0.0362778;0.0362014;-0.0280483;-0.0628049;0.0279977
0.0209309;-0.0162388;0.0162014;0.0162125;-0.0125816;-0.0125471;-0.0125614;0.00975163;0.0209173;-0.0162425;-0.0211358;0.0159341;0.0162264;-0.012666;0.0162705;-0.0208861;-0.0124971;-0.0162522;-0.0343634;0.0201963;-0.0122124;-0.0279384;0.0210524;-0.0280676;0.0219995;0.0361407;-0.0161235;-0.0208693;0.0280175;-0.0280412;-0.0162872;0.0210933;-0.0218776;0.0162211;0.0360824;-0.0358714;0.0360513;0.0289303;-0.0262638;0.038798;0.0259568;0.0221662;0.0278615;-0.0279754;-0.0210167;0.0363286;0.036222;0.0280642;0.0627632;0.0281568
0.0209295;-0.0324268;0.0161845;0.0162541;-0.0251273;-0.0251295;-0.0125444;0.019402;-0.0418956;0.032485;-0.0204256;-0.0326573;0.0324451;0.0249572;0.0163837;-0.020795;-0.0251664;-0.03247;0.037884;0.011865;-0.0254683;0.0277071;-0.0418999;0.0281238;-0.0216533;0.0364079;0.0324766;0.0416933;0.0561555;-0.0282291;0.0323957;0.0207;-0.0436975;0.0324484;-0.0365475;-0.0365266;-0.0722925;-0.0266279;-0.0577035;-0.0324187;0.0299556;0.0426418;-0.0568875;0.0280023;0.0421078;0.0360794;-0.0725557;0.0561867;-0.0627347;-0.0562182
0.0209675;0.0324113;0.0162144;-0.0161886;0.025097;-0.025121;0.0125892;0.0194373;-0.0418163;0.0324481;-0.0213459;0.0321414;-0.0324504;-0.0251188;-0.0160804;-0.0211513;-0.0250559;0.0323899;-0.0341221;0.0203914;0.0255299;-0.0280169;-0.0416283;0.0280563;-0.0215093;0.0363931;-0.0325867;0.042034;-0.0558783;0.0280364;0.032698;0.0207153;-0.0434474;-0.0324104;0.0363696;0.036578;-0.0725247;-0.0271581;-0.0558748;0.0354549;-0.0300339;0.0443451;0.0557483;-0.0278857;0.0416557;0.036458;0.0723546;-0.0561382;0.0626787;0.0562254
0.020937;0.016207;0.0162249;-0.0161971;0.0125345;-0.0125633;0.0125476;0.00972548;0.0208809;-0.0162066;-0.0207507;-0.0164882;-0.0162023;0.0126282;-0.0160163;-0.0209229;-0.0125617;0.0161555;0.0380776;0.0120032;0.0121;0.0283232;0.020743;-0.0281507;0.021965;0.0361252;0.0162058;-0.0208443;-0.0281672;0.0281891;-0.0159383;0.0209703;-0.0216255;-0.0163505;-0.0362133;0.0358489;0.036182;0.0290095;-0.0283161;-0.0371119;-0.0261881;0.0213218;-0.0284966;0.0280157;-0.0208566;0.0362021;-0.0362893;-0.0281128;-0.062746;-0.0281744
0.0209121;-0.0162152;0.0162058;-0.0162298;-0.0125823;0.0125378;0.0125167;-0.00974541;0.02092;-0.0162221;-0.0207143;-0.0164802;0.0162427;0.0125731;-0.0161341;-0.0210815;0.0125394;-0.0162474;-0.0343597;0.0201774;-0.0121214;-0.0279764;0.021115;0.0280476;-0.0215908;0.0363904;0.0162473;-0.0209735;0.0279971;0.0281489;-0.0159845;0.0210884;0.0217796;0.0161886;0.0361325;0.0365326;0.0363422;-0.0286426;0.0282903;0.033762;-0.0298514;-0.0221164;-0.0278307;-0.0280218;-0.0208278;0.036215;-0.0364003;0.0280943;0.0628507;-0.028002
0.0209161;-0.0324152;0.0162284;-0.0162568;-0.0251154;0.0250879;0.0125114;-0.0194922;-0.0418295;0.0324047;-0.0212857;0.0321581;0.0323919;-0.0249746;-0.0161964;-0.0209535;0.0251713;-0.0324757;0.0378972;0.0119521;-0.0255724;0.0277282;-0.0420408;-0.0280095;0.0219808;0.0361033;-0.0322748;0.0416426;0.0564271;0.0279405;0.0326905;0.0206839;0.0437646;0.0323958;-0.0359497;0.0357617;-0.0725133;0.0260363;0.0556867;-0.0402496;-0.0260354;-0.0427068;0.0569497;0.0279152;0.0416439;0.0363211;0.0724213;0.0561511;-0.0629087;0.0560759
0.0209882;0.0323901;0.0161872;-0.03237;0.0251216;-0.0502297;0.0251866;0.0389043;-0.0418653;0.0324274;-0.0217613;0.0645475;-0.032485;-0.0503049;-0.0326984;0.0415515;-0.0501554;-0.0647896;-0.0400891;-0.0281145;-0.0497342;-0.0287508;-0.041666;0.0562025;-0.0432155;0.0364665;-0.0650062;-0.0836759;-0.056215;0.0566338;-0.0648863;-0.0413197;-0.0869182;0.0649906;0.0361665;-0.0370966;-0.0720147;-0.0580955;0.0525083;-0.0730712;0.0319979;-0.0418482;0.112133;0.0556511;-0.0841745;-0.0727095;-0.0722909;0.112323;0.0628798;-0.0560521
0.0209521;0.0162461;0.0162251;-0.0323959;0.0125483;-0.0251685;0.0251359;0.0194033;0.0208455;-0.0162199;-0.0205497;-0.0326699;-0.0162346;0.0252121;-0.032501;0.0417511;-0.0251815;-0.032321;0.0322328;-0.0364976;-0.0255988;0.0279141;0.0207011;-0.0560783;0.0437188;0.0359681;0.0323816;0.0418626;-0.0281199;0.0559527;0.0325154;-0.0421273;-0.0435105;0.0323825;-0.0363224;-0.0352871;0.0359452;0.0557605;0.0317486;0.0742324;0.0237365;-0.0225847;-0.0549386;-0.0556232;0.0420927;-0.072438;0.0363904;0.0561431;-0.0628471;0.0280234
0.0209178;-0.0161886;0.0162149;-0.0324396;-0.0125742;0.0250892;0.0250995;-0.0194743;0.0208995;-0.0162251;-0.0205413;-0.0327226;0.0162542;0.0252379;-0.0327141;0.0416354;0.0250122;0.032501;-0.0396179;-0.0280176;0.0256212;-0.0278363;0.0210972;0.0561195;-0.0433752;0.0365659;0.0323629;0.0416608;0.0280948;0.0558952;0.0325245;-0.0420282;0.0433345;-0.03237;0.0359838;-0.0372629;0.0365039;-0.0549573;-0.0314847;-0.0696204;0.0321325;0.0209878;-0.0570983;0.0556085;0.0420421;-0.0724697;0.0364074;-0.0560916;0.0627945;0.0281745
0.0208874;-0.0324445;0.0162413;-0.0324844;-0.025112;0.0502473;0.0250939;-0.0389516;-0.0418031;0.0324397;-0.0217354;0.0645784;0.0323853;-0.0500447;-0.0328132;0.041768;0.0502974;0.064905;0.0325903;-0.036085;0.0497439;0.0282365;-0.0420438;-0.0560776;0.0438095;0.0358727;-0.0647911;-0.0838484;0.0559875;0.0563204;-0.0647826;-0.0415306;0.0871075;-0.0647882;-0.0357674;-0.0355355;-0.0728516;0.0570886;-0.0528275;0.0754756;0.0243025;0.0449834;0.111822;-0.0558955;-0.0841242;-0.0725612;-0.0723391;-0.112389;-0.0627773;-0.0562316
0.0209505;0.0324851;0.0324189;0.0324013;0.050224;0.0503414;-0.0503171;-0.0776882;-0.0418447;0.0648055;0.0427372;-0.0643088;0.0650253;0.100166;-0.0648267;0.0414234;-0.10076;-0.0647233;-0.0437327;-0.0602031;-0.0998916;-0.0566219;0.0840055;-0.0561368;0.0869474;-0.0368163;-0.129557;-0.0837559;0.0561759;0.0570514;-0.128872;0.084478;-0.086522;-0.129911;-0.0721641;0.0352705;0.0731579;-0.110899;-0.0612458;-0.0751315;-0.0518584;0.0886937;0.111055;0.112217;0.166994;0.0726585;0.0721503;-0.112403;-0.0628404;0.11219
0.0208848;0.0162072;0.0324083;0.0324047;0.0251064;0.0251386;-0.0502016;-0.0387707;0.0208582;-0.0324499;0.0413831;0.0329467;0.0322528;-0.0502976;-0.0653104;0.0415851;-0.0501532;-0.0322374;0.02822;-0.0687415;-0.0507547;0.0553024;-0.0420763;0.0561681;-0.0872233;-0.0357118;0.0647281;0.0418626;0.02802;0.0557102;0.0656865;0.083369;-0.0435396;-0.0648839;0.0722843;0.0367508;-0.0369966;0.112918;-0.0228818;0.0704681;-0.0605316;0.0427597;-0.0565121;-0.112003;-0.0834838;0.0723537;-0.0362651;-0.0561415;0.0627747;-0.056119
0.0209231;-0.0162481;0.0323967;0.0324533;-0.0250649;-0.0251114;-0.0501766;0.0389677;0.0209369;-0.0324176;0.0413689;0.0329558;-0.0325334;-0.0498552;-0.0652051;0.0413986;0.0502716;0.0326173;-0.0427826;-0.0603026;0.050881;-0.056111;-0.0417135;-0.0560662;0.0868463;-0.0365845;0.0648133;0.0419317;-0.0280166;0.05585;0.0656211;0.0832839;0.0438026;0.0647245;-0.07266;0.0355993;-0.0356467;-0.113137;0.0230002;-0.0767066;-0.0516897;-0.0443355;-0.056399;0.112162;-0.0833917;0.0723931;-0.0364959;0.0561822;-0.0626303;-0.0562232
0.02101;-0.032441;0.0324052;0.0324574;-0.0502515;-0.0501557;-0.0501828;0.0777612;-0.0417802;0.0649811;0.0427492;-0.0642049;-0.0648226;0.101071;-0.0647811;0.0416758;0.100164;0.0649095;0.0287926;-0.0682712;0.099912;0.0572184;0.0834547;0.0558372;-0.0871263;-0.0359214;-0.13;-0.0834208;-0.0561821;0.056896;-0.128816;0.0846426;0.0871918;0.129672;0.0727216;0.0370055;0.0721083;0.110665;0.0607514;0.0670728;-0.0599813;-0.085282;0.114808;-0.112218;0.166885;0.0727654;0.0725803;0.112216;0.0625903;0.112416
0.0209569;0.0324438;0.0324716;0.016195;0.0502185;0.0251414;-0.0251417;-0.0388707;-0.0417674;0.0648384;0.0422902;-0.031894;0.064975;0.0500231;-0.0322551;-0.0211024;-0.05033;0.0323399;-0.0319064;0.036571;0.0506868;-0.0552802;0.0840003;-0.0282541;0.043428;-0.0364797;-0.0646608;0.0416148;0.0562657;0.0276679;0.0647445;-0.0423713;-0.0434678;0.0648277;-0.0726461;-0.0356146;0.0727217;-0.0573493;0.0555685;0.0382348;0.0542068;-0.086284;0.0573007;-0.0559158;-0.0840309;-0.0363354;-0.0722924;0.056228;-0.0626403;-0.112358
0.0209253;0.0162304;0.0324239;0.0162116;0.025127;0.0126083;-0.025176;-0.0193796;0.020933;-0.0324368;0.0416158;0.0167348;0.0323456;-0.0251642;-0.0324535;-0.0210251;-0.0251113;0.0161097;0.0396933;0.0280605;0.0245248;0.0561788;-0.0420441;0.0281194;-0.0437344;-0.0360543;0.0325042;-0.0210743;0.0279379;0.0282271;-0.0324783;-0.0415506;-0.0219391;0.0325761;0.0725435;-0.036885;-0.036396;0.0554817;0.0286298;-0.0338958;0.0577136;-0.0438928;-0.027515;0.0557327;0.0419639;-0.0361443;0.0362037;0.0280068;0.0627015;0.0562583
0.0208885;-0.0162204;0.0323979;0.0162362;-0.02512;-0.0125482;-0.0251274;0.0195134;0.0209594;-0.0324788;0.0415797;0.0167491;-0.0324707;-0.0249357;-0.032377;-0.0211648;0.0251603;-0.0162945;-0.0322839;0.0362617;-0.0245036;-0.0565373;-0.0416252;-0.0279493;0.0433138;-0.0364578;0.0324691;-0.0209124;-0.0282786;0.0281542;-0.0324865;-0.041704;0.0216368;-0.0324306;-0.0726686;-0.0356368;-0.0360692;-0.0552966;-0.0284765;0.0409473;0.0543206;0.0430794;-0.0283884;-0.0558314;0.041934;-0.0362072;0.0363799;-0.0280144;-0.0628742;0.0560659
0.0209874;-0.0324513;0.0323641;0.0161877;-0.0502218;-0.0250575;-0.0250912;0.0388367;-0.0417659;0.0648778;0.0423047;-0.0318325;-0.0647791;0.050601;-0.0321353;-0.0209506;0.0501601;-0.0324758;0.0392219;0.0280675;-0.0509047;0.0561157;0.0834282;0.0279959;-0.0436815;-0.0360811;-0.0648423;0.0419789;-0.0560257;0.0276225;0.0648781;-0.0422526;0.0433112;-0.0647533;0.0729176;-0.0369802;0.0721342;0.0579254;-0.0556352;-0.0318596;0.0579996;0.0876967;0.054271;0.055799;-0.0839754;-0.0364241;-0.0725875;-0.0562246;0.0629142;-0.112277
0.0209748;0.0323728;0.0324276;-0.0161956;0.05025;-0.0251962;0.025143;0.0388636;-0.041657;0.0648723;0.0415471;0.0329501;0.0647987;-0.0503253;0.0322748;-0.0207885;0.0505167;0.0323467;-0.0319242;0.036418;0.0508736;-0.0552106;0.0840281;0.0279268;-0.0437;-0.0359231;0.0649208;0.0417042;0.0561061;-0.0285081;0.0644689;-0.0423081;0.0435332;0.06462;-0.0727526;0.0368241;0.0722625;0.0579028;-0.0536407;0.0350978;-0.0581727;0.0862319;-0.0572882;-0.0557878;-0.0835815;-0.0361225;0.0725977;0.056091;-0.0628825;0.112292
0.0209502;0.0162188;0.0324068;-0.0161959;0.0251112;-0.0125628;0.025085;0.0194261;0.0209424;-0.0324139;0.0420473;-0.0156706;0.0324145;0.0251507;0.0325694;-0.0206834;0.0250443;0.0161451;0.0396469;0.0281038;0.0244167;0.0562088;-0.0422148;-0.0280299;0.0432783;-0.036506;-0.0322554;-0.0211439;0.0282106;-0.0277792;-0.032788;-0.0415154;0.0218467;0.0325676;0.0728724;0.035585;-0.0359344;-0.0557787;-0.0307232;-0.0394012;-0.0538866;0.0439712;0.0270714;0.0557976;0.0418369;-0.0363441;-0.0362581;0.0281277;0.0628352;-0.056085
0.0208957;-0.0161788;0.0324244;-0.0162085;-0.025121;0.0125616;0.025075;-0.0194391;0.0209353;-0.0324842;0.0420692;-0.0156789;-0.0323562;0.0249673;0.03265;-0.0208874;-0.025208;-0.0162943;-0.0323281;0.0363717;-0.0245028;-0.0565356;-0.0415387;0.0281469;-0.0436488;-0.0360656;-0.0324538;-0.0208866;-0.028024;-0.0278315;-0.0328216;-0.0417687;-0.0215014;-0.0324496;-0.072475;0.036883;-0.0364836;0.0549968;0.0304845;0.0321663;-0.0581782;-0.0430636;0.0295167;-0.0557247;0.0417507;-0.0363008;-0.0360714;-0.0281135;-0.0627518;-0.0562276
0.0208883;-0.0324135;0.0324478;-0.0162563;-0.0502277;0.0251309;0.0251299;-0.0389938;-0.0417404;0.0648091;0.0415159;0.0329462;-0.0649237;-0.0503943;0.0324724;-0.0206749;-0.0499413;-0.0325227;0.0393105;0.0279426;-0.0509115;0.0561173;0.083412;-0.0281717;0.043249;-0.0364436;0.0648297;0.0419368;-0.0560983;-0.0283059;0.064453;-0.0422093;-0.043427;-0.0648014;0.0727308;0.0356992;0.072662;-0.0574087;0.0536822;-0.041083;-0.0541622;-0.0876823;-0.0556596;0.0559448;-0.0834356;-0.0360535;0.0725552;-0.0561521;0.0627447;0.11243
0.0209638;0.0323714;0.0324137;-0.0323826;0.050229;-0.0503101;0.0503194;0.0777282;-0.0416737;0.0648763;0.0410476;0.0654572;0.0647627;-0.1005;0.0641233;0.0421545;0.100924;-0.0647031;-0.0437118;-0.0605686;-0.0996125;-0.0565984;0.0840818;0.0562159;-0.087366;-0.0357026;0.129611;-0.0835685;0.0555968;-0.0556828;-0.129479;0.0843627;0.0868474;-0.129758;-0.0726803;-0.0369506;0.0720052;0.111625;0.0572475;-0.0702536;0.059918;-0.0886935;-0.110328;0.112145;0.167935;0.0724052;-0.0726208;-0.112297;-0.0626405;-0.112452
0.0209622;0.0162413;0.0323872;-0.0323951;0.0250953;-0.0251419;0.0502421;0.0388428;0.0209502;-0.0324022;0.0422828;-0.0318623;0.0324426;0.050266;0.0647577;0.0422717;0.0500493;-0.0322995;0.028101;-0.0686348;-0.0508906;0.0553601;-0.0423295;-0.0560471;0.086767;-0.0368151;-0.0647617;0.0418692;0.028358;-0.0565802;0.0649846;0.0833487;0.0433172;-0.0647525;0.0725779;-0.0355301;-0.035967;-0.113247;0.027082;0.0750773;0.0526476;-0.0427151;0.0562105;-0.112214;-0.0839826;0.0725593;0.0361326;-0.0561458;0.0627354;0.0562203
0.0208788;-0.0161632;0.0324377;-0.0324095;-0.0251077;0.0250885;0.0502468;-0.0389184;0.0209543;-0.0324623;0.0422963;-0.03185;-0.0323156;0.0499828;0.0647627;0.0420404;-0.050464;0.0326121;-0.0429234;-0.0600468;0.0509736;-0.0561473;-0.0414427;0.0561078;-0.0870987;-0.0356799;-0.0649751;0.0420705;-0.0277217;-0.0564271;0.0650024;0.0832741;-0.0436254;0.0648026;-0.0725859;-0.036769;-0.0366682;0.112848;-0.0270573;-0.0692144;0.0595991;0.0441693;0.0553147;0.112126;-0.0839258;0.0725652;0.0360444;0.0560719;-0.0628505;0.0560641
0.0208479;-0.0323816;0.032511;-0.0324992;-0.050202;0.0501957;0.0502193;-0.0778605;-0.0417688;0.064896;0.0411012;0.0652915;-0.0650174;-0.10099;0.0644556;0.0422825;-0.100103;0.0649366;0.0289266;-0.0686749;0.0998226;0.0572071;0.0833349;-0.0563961;0.0866128;-0.0367172;0.129579;-0.0833622;-0.0567238;-0.0554547;-0.12948;0.0847;-0.0874093;0.129658;0.07179;-0.0352875;0.0730603;-0.109906;-0.056853;0.0787262;0.0521624;0.0854295;-0.112866;-0.111941;0.167829;0.0722789;-0.0725846;0.112391;0.0628744;-0.112263
